{
  "project_info": {
    "project_number": "1041465305233",
    "firebase_url": "https://loginwithfirebase-fdeab.firebaseio.com",
    "project_id": "loginwithfirebase-fdeab",
    "storage_bucket": "loginwithfirebase-fdeab.appspot.com"
  },
  "client": [
    {
      "client_info": {
        "mobilesdk_app_id": "1:1041465305233:android:d39a859beeb0d49f",
        "android_client_info": {
          "package_name": "com.example.lab08.loginwithfirebase"
        }
      },
      "oauth_client": [
        {
          "client_id": "1041465305233-7ucr0bth4fgslsei1ktdvejbublofk4b.apps.googleusercontent.com",
          "client_type": 1,
          "android_info": {
            "package_name": "com.example.lab08.loginwithfirebase",
            "certificate_hash": "6cd8e8d48e29e3849a6de58a1475dbc2f0fa022e"
          }
        }
      ],
      "api_key": [
        {
          "current_key": "AIzaSyBhaHvvSYI_qExY4T3gT5ZvyKuaDPiK7Zs"
        }
      ],
      "services": {
        "appinvite_service": {
          "other_platform_oauth_client": [
            {
              "client_id": "1041465305233-fqots7n2aunh4ipi60umvqj7kpbp81fe.apps.googleusercontent.com",
              "client_type": 3
            }
          ]
        }
      }
    }
  ],
  "configuration_version": "1"
}